section	kind	source
Accents	ok	a'
Accents	ok	\tilde{a}
Accents	ok	\mathring{g}
Accents	ok	a''
Accents	ok	\widetilde{ac}
Accents	ok	a^{\prime}
Accents	ok	\utilde{AB}
Accents	ok	\acute{a}
Accents	ok	\vec{F}
Accents	ok	\bar{y}
Accents	ok	\overleftarrow{AB}
Accents	ok	\overrightarrow{AB}
Accents	ok	\breve{a}
Accents	ok	\underleftarrow{AB}
Accents	ok	\underrightarrow{AB}
Accents	ok	\check{a}
Accents	ok	\dot{a}
Accents	ok	\overleftrightarrow{AB}
Accents	ok	\overbrace{AB}
Accents	ok	\ddot{a}
Accents	ok	\underleftrightarrow{AB}
Accents	ok	\underbrace{AB}
Accents	ok	\dddot{a}
Accents	ok	\overline{AB}
Accents	ok	\overbracket{AB}
Accents	ok	\ddddot{a}
Accents	ok	\underline{AB}
Accents	ok	\underbracket{AB}
Accents	ok	\grave{a}
Accents	ok	\underbar{X}
Accents	ok	\hat{\theta}
Accents	ok	\widehat{ac}
Accents	ok	\text{\'{a}}
Accents	ok	\text{\~{a}}
Accents	ok	\text{\.{a}}
Accents	ok	\text{\`{a}}
Accents	ok	\text{\={a}}
Accents	ok	\text{\"{a}}
Accents	ok	\text{\v{a}}
Accents	ok	\text{\^{a}}
Accents	ok	\text{\u{a}}
Accents	ok	\text{\r{a}}
Accents	ok	\text{\H{o}}
Accents	nolatex	\widecheck{ac}
Accents	nolatex	\overgroup{AB}
Accents	nolatex	\undergroup{AB}
Accents	nolatex	\overlinesegment{AB}
Accents	nolatex	\underlinesegment{AB}
Accents	nolatex	\Overrightarrow{AB}
Accents	nolatex	\overleftharpoon{ac}
Accents	nolatex	\overrightharpoon{ac}
Delimiters	ok	(~)
Delimiters	ok	\lparen~\rparen
Delimiters	ok	\lceil~\rceil
Delimiters	ok	\uparrow
Delimiters	ok	[~]
Delimiters	ok	\lbrack~\rbrack
Delimiters	ok	\lfloor~\rfloor
Delimiters	ok	\downarrow
Delimiters	ok	\{ \}
Delimiters	ok	\lbrace \rbrace
Delimiters	ok	\lmoustache \rmoustache
Delimiters	ok	\updownarrow
Delimiters	ok	\langle~\rangle
Delimiters	ok	\lgroup~\rgroup
Delimiters	ok	\Uparrow
Delimiters	ok	\vert
Delimiters	ok	\ulcorner \urcorner
Delimiters	ok	\Downarrow
Delimiters	ok	\Vert
Delimiters	ok	\llcorner \lrcorner
Delimiters	ok	\Updownarrow
Delimiters	ok	\lvert~\rvert
Delimiters	ok	\lVert~\rVert
Delimiters	ok	\backslash
Delimiters	nolatex	\lang~\rang
Delimiters	nolatex	\left\lt~\right\gt
Delimiters	ok	\llbracket~\rrbracket
Delimiters	ok	/
Delimiters	nolatex	\lBrace~\rBrace
Delimiters	nolatex	\left(\LARGE{AB}\right)
Delimiters	ok	( \big( \Big( \bigg( \Bigg(
Environments	ok	\begin{matrix} a & b \\ c & d \end{matrix}
Environments	ok	\begin{array}{cc}a & b\\c & d\end{array}
Environments	ok	\begin{pmatrix} a & b \\ c & d \end{pmatrix}
Environments	ok	\begin{bmatrix} a & b \\ c & d \end{bmatrix}
Environments	ok	\begin{vmatrix} a & b \\ c & d \end{vmatrix}
Environments	ok	\begin{Vmatrix} a & b \\ c & d \end{Vmatrix}
Environments	ok	\begin{Bmatrix} a & b \\ c & d \end{Bmatrix}
Environments	nolatex	\def\arraystretch{1.5}\begin{array}{c:c:c} a & b & c \\ \hline d & e & f \\ \hdashline g & h & i \end{array}
Environments	ok	x = \begin{cases} a &\text{if } b \\ c &\text{if } d \end{cases}
Environments	ok	\begin{smallmatrix} a & b \\ c & d \end{smallmatrix}
Environments	ok	\sum_{\begin{subarray}{l} i\in\Lambda\\ 0<j<n\end{subarray}}
Environments	ok	\begin{equation}\begin{split}a &=b+c\\&=e+f\end{split}\end{equation}
Environments	ok	\begin{align} a&=b+c \\ d+e&=f \end{align}
Environments	ok	\begin{gather} a=b \\ e=b+c \end{gather}
Environments	ok	\begin{alignat}{2}10&x+&3&y=2\\3&x+&13&y=4\end{alignat}
Environments	ok	\begin{CD}A @>a>> B \\@VbVV @AAcA\\C @= D\end{CD}
HTML	nolatex	\href{https://katex.org/}{\KaTeX}
HTML	nolatex	\url{https://katex.org/}
HTML	nolatex	\htmlId{bar}{x}
HTML	nolatex	\htmlClass{foo}{x}
HTML	nolatex	\htmlStyle{color: red;}{x}
HTML	nolatex	\htmlData{foo=a, bar=b}{x}
Letters and Unicode	nolatex	\Alpha
Letters and Unicode	nolatex	\Beta
Letters and Unicode	ok	\Gamma
Letters and Unicode	ok	\Delta
Letters and Unicode	nolatex	\Epsilon
Letters and Unicode	nolatex	\Zeta
Letters and Unicode	nolatex	\Eta
Letters and Unicode	ok	\Theta
Letters and Unicode	nolatex	\Iota
Letters and Unicode	nolatex	\Kappa
Letters and Unicode	ok	\Lambda
Letters and Unicode	nolatex	\Mu
Letters and Unicode	nolatex	\Nu
Letters and Unicode	ok	\Xi
Letters and Unicode	nolatex	\Omicron
Letters and Unicode	ok	\Pi
Letters and Unicode	nolatex	\Rho
Letters and Unicode	ok	\Sigma
Letters and Unicode	nolatex	\Tau
Letters and Unicode	ok	\Upsilon
Letters and Unicode	ok	\Phi
Letters and Unicode	nolatex	\Chi
Letters and Unicode	ok	\Psi
Letters and Unicode	ok	\Omega
Letters and Unicode	ok	\varGamma
Letters and Unicode	ok	\varDelta
Letters and Unicode	ok	\varTheta
Letters and Unicode	ok	\varLambda
Letters and Unicode	ok	\varXi
Letters and Unicode	ok	\varPi
Letters and Unicode	ok	\varSigma
Letters and Unicode	ok	\varUpsilon
Letters and Unicode	ok	\varPhi
Letters and Unicode	ok	\varPsi
Letters and Unicode	ok	\varOmega
Letters and Unicode	ok	\alpha
Letters and Unicode	ok	\beta
Letters and Unicode	ok	\gamma
Letters and Unicode	ok	\delta
Letters and Unicode	ok	\epsilon
Letters and Unicode	ok	\zeta
Letters and Unicode	ok	\eta
Letters and Unicode	ok	\theta
Letters and Unicode	ok	\iota
Letters and Unicode	ok	\kappa
Letters and Unicode	ok	\lambda
Letters and Unicode	ok	\mu
Letters and Unicode	ok	\nu
Letters and Unicode	ok	\xi
Letters and Unicode	nolatex	\omicron
Letters and Unicode	ok	\pi
Letters and Unicode	ok	\rho
Letters and Unicode	ok	\sigma
Letters and Unicode	ok	\tau
Letters and Unicode	ok	\upsilon
Letters and Unicode	ok	\phi
Letters and Unicode	ok	\chi
Letters and Unicode	ok	\psi
Letters and Unicode	ok	\omega
Letters and Unicode	ok	\varepsilon
Letters and Unicode	ok	\varkappa
Letters and Unicode	ok	\vartheta
Letters and Unicode	nolatex	\thetasym
Letters and Unicode	ok	\varpi
Letters and Unicode	ok	\varrho
Letters and Unicode	ok	\varsigma
Letters and Unicode	ok	\varphi
Letters and Unicode	ok	\digamma
Letters and Unicode	ok	\imath
Letters and Unicode	ok	\nabla
Letters and Unicode	ok	\Im
Letters and Unicode	nolatex	\Reals
Letters and Unicode	ok	\text{\OE}
Letters and Unicode	ok	\jmath
Letters and Unicode	ok	\partial
Letters and Unicode	nolatex	\image
Letters and Unicode	ok	\wp
Letters and Unicode	ok	\text{\o}
Letters and Unicode	ok	\aleph
Letters and Unicode	ok	\Game
Letters and Unicode	ok	\Bbbk
Letters and Unicode	nolatex	\weierp
Letters and Unicode	ok	\text{\O}
Letters and Unicode	nolatex	\alef
Letters and Unicode	ok	\Finv
Letters and Unicode	nolatex	\N
Letters and Unicode	nolatex	\Z
Letters and Unicode	ok	\text{\ss}
Letters and Unicode	nolatex	\alefsym
Letters and Unicode	nolatex	\cnums
Letters and Unicode	nolatex	\natnums
Letters and Unicode	ok	\text{\aa}
Letters and Unicode	ok	\text{\i}
Letters and Unicode	ok	\beth
Letters and Unicode	nolatex	\Complex
Letters and Unicode	nolatex	\R
Letters and Unicode	ok	\text{\AA}
Letters and Unicode	ok	\text{\j}
Letters and Unicode	ok	\gimel
Letters and Unicode	ok	\ell
Letters and Unicode	ok	\Re
Letters and Unicode	ok	\text{\ae}
Letters and Unicode	ok	\daleth
Letters and Unicode	ok	\hbar
Letters and Unicode	ok	\real
Letters and Unicode	ok	\text{\AE}
Letters and Unicode	ok	\eth
Letters and Unicode	ok	\hslash
Letters and Unicode	nolatex	\reals
Letters and Unicode	ok	\text{\oe}
Letters and Unicode	nolatex	\char"263a
Layout / Annotation	ok	\cancel{5}
Layout / Annotation	ok	\overbrace{a+b+c}^{\text{note}}
Layout / Annotation	ok	\bcancel{5}
Layout / Annotation	ok	\underbrace{a+b+c}_{\text{note}}
Layout / Annotation	ok	\xcancel{ABC}
Layout / Annotation	ok	\not =
Layout / Annotation	ok	\text{\sout{abc}}
Layout / Annotation	ok	\boxed{\pi=\frac c d}
Layout / Annotation	ok	\overbracket{a+b+c}^{\text{note}}
Layout / Annotation	ok	\underbracket{a+b+c}_{\text{note}}
Layout / Annotation	ok	\tag{hi} x+y^{2x}
Layout / Annotation	ok	\tag*{hi} x+y^{2x}
Layout / Annotation	nolatex	\phase{30^\circ}
Layout / Annotation	nolatex	\angl{n}
Layout / Annotation	nolatex	\angln
Layout / Annotation	ok	\text{\textcircled{a}}
Layout / Vertical Layout	ok	x_n
Layout / Vertical Layout	ok	\stackrel{!}{=}
Layout / Vertical Layout	ok	a \atop b
Layout / Vertical Layout	ok	e^x
Layout / Vertical Layout	ok	\overset{!}{=}
Layout / Vertical Layout	ok	a\raisebox{0.25em}{$b$}c
Layout / Vertical Layout	ok	\reflectbox{KaTeX}
Layout / Vertical Layout	nolatex	\mathreflectbox{x^2}
Layout / Vertical Layout	ok	_u^o
Layout / Vertical Layout	ok	\underset{!}{=}
Layout / Vertical Layout	ok	\sum_{\substack{0<i<m\\0<j<n}}
Layout / Vertical Layout	nolatex	\vcenter{x}
Layout / Overlap and Spacing	ok	{=}\mathllap{/\,}
Layout / Overlap and Spacing	ok	\left(x^{\smash{2}}\right)
Layout / Overlap and Spacing	ok	\mathrlap{\,/}{=}
Layout / Overlap and Spacing	ok	\sqrt{\smash[b]{y}}
Layout / Overlap and Spacing	ok	\displaystyle\sum_{\mathclap{1\le i\le j\le n}} x_{ij}
Logic and Set Theory	ok	\forall
Logic and Set Theory	ok	\complement
Logic and Set Theory	ok	\therefore
Logic and Set Theory	ok	\emptyset
Logic and Set Theory	ok	\exists
Logic and Set Theory	ok	\subset
Logic and Set Theory	ok	\because
Logic and Set Theory	ok	\empty
Logic and Set Theory	nolatex	\exist
Logic and Set Theory	ok	\supset
Logic and Set Theory	ok	\mapsto
Logic and Set Theory	ok	\varnothing
Logic and Set Theory	ok	\nexists
Logic and Set Theory	ok	\mid
Logic and Set Theory	ok	\to
Logic and Set Theory	ok	\implies
Logic and Set Theory	ok	\in
Logic and Set Theory	ok	\land
Logic and Set Theory	ok	\gets
Logic and Set Theory	ok	\impliedby
Logic and Set Theory	nolatex	\isin
Logic and Set Theory	ok	\lor
Logic and Set Theory	ok	\leftrightarrow
Logic and Set Theory	ok	\iff
Logic and Set Theory	ok	\notin
Logic and Set Theory	ok	\ni
Logic and Set Theory	nolatex	\notni
Logic and Set Theory	ok	\neg
Logic and Set Theory	nolatex	\Set{ x \VERT x<\frac 1 2 }
Logic and Set Theory	nolatex	\set{x\VERT x<5}
Macros	ok	\def\foo{x^2} \foo + \foo
Macros	ok	\gdef\foo#1{#1^2} \foo{y} + \foo{y}
Macros	ok	\def\f#1{[#1]}\def\g{abc}\expandafter\f\g
Macros	ok	\futurelet\q\mathrm x\q
Macros	ok	\def\a{1}\edef\b{\a 2}\def\a{9}\b
Macros	ok	\def\a{1}\edef\b{\noexpand\a 2}\def\a{9}\b
Macros	ok	\def\a{1}\xdef\b{\a 2}\b
Macros	nolatex	\def\foo{\@ifstar{S}{N}}\foo*\;\foo
Macros	nolatex	\def\foo{\@ifnextchar[{Y}{N}}\foo[x]\;\foo
Macros	nolatex	\@firstoftwo{a}{b}\;\@secondoftwo{a}{b}
Macros	ok	\TextOrMath{in text}{in math}
Operators / Big Operators	ok	\sum
Operators / Big Operators	ok	\prod
Operators / Big Operators	ok	\bigotimes
Operators / Big Operators	ok	\bigvee
Operators / Big Operators	ok	\int
Operators / Big Operators	ok	\coprod
Operators / Big Operators	ok	\bigoplus
Operators / Big Operators	ok	\bigwedge
Operators / Big Operators	ok	\iint
Operators / Big Operators	ok	\intop
Operators / Big Operators	ok	\bigodot
Operators / Big Operators	ok	\bigcap
Operators / Big Operators	ok	\iiint
Operators / Big Operators	ok	\smallint
Operators / Big Operators	ok	\biguplus
Operators / Big Operators	ok	\bigcup
Operators / Big Operators	ok	\oint
Operators / Big Operators	nolatex	\oiint
Operators / Big Operators	nolatex	\oiiint
Operators / Big Operators	ok	\bigsqcup
Operators / Binary Operators	ok	+
Operators / Binary Operators	ok	\cdot
Operators / Binary Operators	ok	\gtrdot
Operators / Binary Operators	ok	x \pmod a
Operators / Binary Operators	ok	-
Operators / Binary Operators	ok	\cdotp
Operators / Binary Operators	ok	\intercal
Operators / Binary Operators	ok	x \pod a
Operators / Binary Operators	ok	/
Operators / Binary Operators	ok	\centerdot
Operators / Binary Operators	ok	\land
Operators / Binary Operators	ok	\rhd
Operators / Binary Operators	ok	*
Operators / Binary Operators	ok	\circ
Operators / Binary Operators	ok	\leftthreetimes
Operators / Binary Operators	ok	\rightthreetimes
Operators / Binary Operators	ok	\amalg
Operators / Binary Operators	ok	\circledast
Operators / Binary Operators	ok	\ldotp
Operators / Binary Operators	ok	\rtimes
Operators / Binary Operators	ok	\And
Operators / Binary Operators	ok	\circledcirc
Operators / Binary Operators	ok	\lor
Operators / Binary Operators	ok	\setminus
Operators / Binary Operators	ok	\ast
Operators / Binary Operators	ok	\circleddash
Operators / Binary Operators	ok	\lessdot
Operators / Binary Operators	ok	\smallsetminus
Operators / Binary Operators	ok	\barwedge
Operators / Binary Operators	ok	\Cup
Operators / Binary Operators	ok	\lhd
Operators / Binary Operators	ok	\sqcap
Operators / Binary Operators	ok	\bigcirc
Operators / Binary Operators	ok	\cup
Operators / Binary Operators	ok	\ltimes
Operators / Binary Operators	ok	\sqcup
Operators / Binary Operators	ok	\bmod
Operators / Binary Operators	ok	\curlyvee
Operators / Binary Operators	ok	x \mod a
Operators / Binary Operators	ok	\times
Operators / Binary Operators	ok	\boxdot
Operators / Binary Operators	ok	\curlywedge
Operators / Binary Operators	ok	\mp
Operators / Binary Operators	ok	\unlhd
Operators / Binary Operators	ok	\boxminus
Operators / Binary Operators	ok	\div
Operators / Binary Operators	ok	\odot
Operators / Binary Operators	ok	\unrhd
Operators / Binary Operators	ok	\boxplus
Operators / Binary Operators	ok	\divideontimes
Operators / Binary Operators	ok	\ominus
Operators / Binary Operators	ok	\uplus
Operators / Binary Operators	ok	\boxtimes
Operators / Binary Operators	ok	\dotplus
Operators / Binary Operators	ok	\oplus
Operators / Binary Operators	ok	\vee
Operators / Binary Operators	ok	\bullet
Operators / Binary Operators	ok	\doublebarwedge
Operators / Binary Operators	ok	\otimes
Operators / Binary Operators	ok	\veebar
Operators / Binary Operators	ok	\Cap
Operators / Binary Operators	ok	\doublecap
Operators / Binary Operators	ok	\oslash
Operators / Binary Operators	ok	\wedge
Operators / Binary Operators	ok	\cap
Operators / Binary Operators	ok	\doublecup
Operators / Binary Operators	ok	\pm
Operators / Binary Operators	ok	\wr
Operators / Fractions and Binomials	ok	\frac{a}{b}
Operators / Fractions and Binomials	ok	\tfrac{a}{b}
Operators / Fractions and Binomials	ok	\genfrac ( ] {2pt}{1}a{a+1}
Operators / Fractions and Binomials	ok	{a \over b}
Operators / Fractions and Binomials	ok	\dfrac{a}{b}
Operators / Fractions and Binomials	nolatex	{a \above{2pt} b+1}
Operators / Fractions and Binomials	ok	a/b
Operators / Fractions and Binomials	ok	\cfrac{a}{1 + \cfrac{1}{b}}
Operators / Fractions and Binomials	ok	\binom{n}{k}
Operators / Fractions and Binomials	ok	\dbinom{n}{k}
Operators / Fractions and Binomials	ok	{n\brace k}
Operators / Fractions and Binomials	ok	{n \choose k}
Operators / Fractions and Binomials	ok	\tbinom{n}{k}
Operators / Fractions and Binomials	ok	{n\brack k}
Operators / Math Operators	ok	\arcsin
Operators / Math Operators	nolatex	\cosec
Operators / Math Operators	ok	\deg
Operators / Math Operators	ok	\sec
Operators / Math Operators	ok	\arccos
Operators / Math Operators	ok	\cosh
Operators / Math Operators	ok	\dim
Operators / Math Operators	ok	\sin
Operators / Math Operators	ok	\arctan
Operators / Math Operators	ok	\cot
Operators / Math Operators	ok	\exp
Operators / Math Operators	ok	\sinh
Operators / Math Operators	nolatex	\arctg
Operators / Math Operators	nolatex	\cotg
Operators / Math Operators	ok	\hom
Operators / Math Operators	nolatex	\sh
Operators / Math Operators	nolatex	\arcctg
Operators / Math Operators	ok	\coth
Operators / Math Operators	ok	\ker
Operators / Math Operators	ok	\tan
Operators / Math Operators	ok	\arg
Operators / Math Operators	ok	\csc
Operators / Math Operators	ok	\lg
Operators / Math Operators	ok	\tanh
Operators / Math Operators	nolatex	\ch
Operators / Math Operators	nolatex	\ctg
Operators / Math Operators	ok	\ln
Operators / Math Operators	nolatex	\tg
Operators / Math Operators	ok	\cos
Operators / Math Operators	nolatex	\cth
Operators / Math Operators	ok	\log
Operators / Math Operators	nolatex	\th
Operators / Math Operators	ok	\operatorname{f}
Operators / Math Operators	nolatex	\argmax
Operators / Math Operators	ok	\injlim
Operators / Math Operators	ok	\min
Operators / Math Operators	ok	\varinjlim
Operators / Math Operators	nolatex	\argmin
Operators / Math Operators	ok	\lim
Operators / Math Operators	nolatex	\plim
Operators / Math Operators	ok	\varliminf
Operators / Math Operators	ok	\det
Operators / Math Operators	ok	\liminf
Operators / Math Operators	ok	\Pr
Operators / Math Operators	ok	\varlimsup
Operators / Math Operators	ok	\gcd
Operators / Math Operators	ok	\limsup
Operators / Math Operators	ok	\projlim
Operators / Math Operators	ok	\varprojlim
Operators / Math Operators	ok	\inf
Operators / Math Operators	ok	\max
Operators / Math Operators	ok	\sup
Operators / Math Operators	ok	\operatorname*{f}
Operators / Math Operators	ok	\operatornamewithlimits{f}
Operators / Square roots	ok	\sqrt{x}
Operators / Square roots	ok	\sqrt[3]{x}
Relations	ok	\stackrel{!}{=}
Relations	ok	=
Relations	ok	\doteqdot
Relations	ok	\lessapprox
Relations	ok	\smile
Relations	ok	<
Relations	ok	\eqcirc
Relations	ok	\lesseqgtr
Relations	ok	\sqsubset
Relations	ok	>
Relations	ok	\eqcolon
Relations	ok	\lesseqqgtr
Relations	ok	\sqsubseteq
Relations	ok	:
Relations	ok	\Eqcolon
Relations	ok	\lessgtr
Relations	ok	\sqsupset
Relations	ok	\approx
Relations	ok	\eqqcolon
Relations	ok	\lesssim
Relations	ok	\sqsupseteq
Relations	ok	\approxcolon
Relations	ok	\Eqqcolon
Relations	ok	\ll
Relations	ok	\Subset
Relations	nolatex	\approxcoloncolon
Relations	ok	\eqsim
Relations	ok	\lll
Relations	ok	\subset
Relations	ok	\approxeq
Relations	ok	\eqslantgtr
Relations	ok	\llless
Relations	ok	\subseteq
Relations	ok	\asymp
Relations	ok	\eqslantless
Relations	nolatex	\lt
Relations	ok	\subseteqq
Relations	ok	\backepsilon
Relations	ok	\equiv
Relations	ok	\mid
Relations	ok	\succ
Relations	ok	\backsim
Relations	ok	\fallingdotseq
Relations	ok	\models
Relations	ok	\succapprox
Relations	ok	\backsimeq
Relations	ok	\frown
Relations	ok	\multimap
Relations	ok	\succcurlyeq
Relations	ok	\between
Relations	ok	\ge
Relations	nolatex	\origof
Relations	ok	\succeq
Relations	ok	\bowtie
Relations	ok	\geq
Relations	ok	\owns
Relations	ok	\succsim
Relations	ok	\bumpeq
Relations	ok	\geqq
Relations	ok	\parallel
Relations	ok	\Supset
Relations	ok	\Bumpeq
Relations	ok	\geqslant
Relations	ok	\perp
Relations	ok	\supset
Relations	ok	\circeq
Relations	ok	\gg
Relations	ok	\pitchfork
Relations	ok	\supseteq
Relations	ok	\colonapprox
Relations	ok	\ggg
Relations	ok	\prec
Relations	ok	\supseteqq
Relations	ok	\Colonapprox
Relations	ok	\gggtr
Relations	ok	\precapprox
Relations	ok	\thickapprox
Relations	ok	\coloneq
Relations	nolatex	\gt
Relations	ok	\preccurlyeq
Relations	ok	\thicksim
Relations	ok	\Coloneq
Relations	ok	\gtrapprox
Relations	ok	\preceq
Relations	ok	\trianglelefteq
Relations	ok	\coloneqq
Relations	ok	\gtreqless
Relations	ok	\precsim
Relations	ok	\triangleq
Relations	ok	\Coloneqq
Relations	ok	\gtreqqless
Relations	ok	\propto
Relations	ok	\trianglerighteq
Relations	ok	\colonsim
Relations	ok	\gtrless
Relations	ok	\risingdotseq
Relations	ok	\varpropto
Relations	ok	\Colonsim
Relations	ok	\gtrsim
Relations	ok	\shortmid
Relations	ok	\vartriangle
Relations	ok	\cong
Relations	nolatex	\imageof
Relations	ok	\shortparallel
Relations	ok	\vartriangleleft
Relations	ok	\curlyeqprec
Relations	ok	\in
Relations	ok	\sim
Relations	ok	\vartriangleright
Relations	ok	\curlyeqsucc
Relations	ok	\Join
Relations	ok	\simcolon
Relations	ok	\vcentcolon
Relations	ok	\dashv
Relations	ok	\le
Relations	nolatex	\simcoloncolon
Relations	ok	\vdash
Relations	ok	\dblcolon
Relations	ok	\leq
Relations	ok	\simeq
Relations	ok	\vDash
Relations	ok	\doteq
Relations	ok	\leqq
Relations	ok	\smallfrown
Relations	ok	\Vdash
Relations	ok	\Doteq
Relations	ok	\leqslant
Relations	ok	\smallsmile
Relations	ok	\Vvdash
Relations / Negated Relations	ok	\not =
Relations / Negated Relations	ok	\gnapprox
Relations / Negated Relations	ok	\ngeqslant
Relations / Negated Relations	ok	\nsubseteq
Relations / Negated Relations	ok	\precneqq
Relations / Negated Relations	ok	\gneq
Relations / Negated Relations	ok	\ngtr
Relations / Negated Relations	ok	\nsubseteqq
Relations / Negated Relations	ok	\precnsim
Relations / Negated Relations	ok	\gneqq
Relations / Negated Relations	ok	\nleq
Relations / Negated Relations	ok	\nsucc
Relations / Negated Relations	ok	\subsetneq
Relations / Negated Relations	ok	\gnsim
Relations / Negated Relations	ok	\nleqq
Relations / Negated Relations	ok	\nsucceq
Relations / Negated Relations	ok	\subsetneqq
Relations / Negated Relations	ok	\gvertneqq
Relations / Negated Relations	ok	\nleqslant
Relations / Negated Relations	ok	\nsupseteq
Relations / Negated Relations	ok	\succnapprox
Relations / Negated Relations	ok	\lnapprox
Relations / Negated Relations	ok	\nless
Relations / Negated Relations	ok	\nsupseteqq
Relations / Negated Relations	ok	\succneqq
Relations / Negated Relations	ok	\lneq
Relations / Negated Relations	ok	\nmid
Relations / Negated Relations	ok	\ntriangleleft
Relations / Negated Relations	ok	\succnsim
Relations / Negated Relations	ok	\lneqq
Relations / Negated Relations	ok	\notin
Relations / Negated Relations	ok	\ntrianglelefteq
Relations / Negated Relations	ok	\supsetneq
Relations / Negated Relations	ok	\lnsim
Relations / Negated Relations	nolatex	\notni
Relations / Negated Relations	ok	\ntriangleright
Relations / Negated Relations	ok	\supsetneqq
Relations / Negated Relations	ok	\lvertneqq
Relations / Negated Relations	ok	\nparallel
Relations / Negated Relations	ok	\ntrianglerighteq
Relations / Negated Relations	ok	\varsubsetneq
Relations / Negated Relations	ok	\ncong
Relations / Negated Relations	ok	\nprec
Relations / Negated Relations	ok	\nvdash
Relations / Negated Relations	ok	\varsubsetneqq
Relations / Negated Relations	ok	\ne
Relations / Negated Relations	ok	\npreceq
Relations / Negated Relations	ok	\nvDash
Relations / Negated Relations	ok	\varsupsetneq
Relations / Negated Relations	ok	\neq
Relations / Negated Relations	ok	\nshortmid
Relations / Negated Relations	ok	\nVDash
Relations / Negated Relations	ok	\varsupsetneqq
Relations / Negated Relations	ok	\ngeq
Relations / Negated Relations	ok	\nshortparallel
Relations / Negated Relations	ok	\nVdash
Relations / Negated Relations	ok	\ngeqq
Relations / Negated Relations	ok	\nsim
Relations / Negated Relations	ok	\precnapprox
Relations / Arrows	ok	\circlearrowleft
Relations / Arrows	ok	\leftharpoonup
Relations / Arrows	nolatex	\rArr
Relations / Arrows	ok	\circlearrowright
Relations / Arrows	ok	\leftleftarrows
Relations / Arrows	nolatex	\rarr
Relations / Arrows	ok	\curvearrowleft
Relations / Arrows	ok	\leftrightarrow
Relations / Arrows	ok	\restriction
Relations / Arrows	ok	\curvearrowright
Relations / Arrows	ok	\Leftrightarrow
Relations / Arrows	ok	\rightarrow
Relations / Arrows	nolatex	\Darr
Relations / Arrows	ok	\leftrightarrows
Relations / Arrows	ok	\Rightarrow
Relations / Arrows	nolatex	\dArr
Relations / Arrows	ok	\leftrightharpoons
Relations / Arrows	ok	\rightarrowtail
Relations / Arrows	nolatex	\darr
Relations / Arrows	ok	\leftrightsquigarrow
Relations / Arrows	ok	\rightharpoondown
Relations / Arrows	ok	\dashleftarrow
Relations / Arrows	ok	\Lleftarrow
Relations / Arrows	ok	\rightharpoonup
Relations / Arrows	ok	\dashrightarrow
Relations / Arrows	ok	\longleftarrow
Relations / Arrows	ok	\rightleftarrows
Relations / Arrows	ok	\downarrow
Relations / Arrows	ok	\Longleftarrow
Relations / Arrows	ok	\rightleftharpoons
Relations / Arrows	ok	\Downarrow
Relations / Arrows	ok	\longleftrightarrow
Relations / Arrows	ok	\rightrightarrows
Relations / Arrows	ok	\downdownarrows
Relations / Arrows	ok	\Longleftrightarrow
Relations / Arrows	ok	\rightsquigarrow
Relations / Arrows	ok	\downharpoonleft
Relations / Arrows	ok	\longmapsto
Relations / Arrows	ok	\Rrightarrow
Relations / Arrows	ok	\downharpoonright
Relations / Arrows	ok	\longrightarrow
Relations / Arrows	ok	\Rsh
Relations / Arrows	ok	\gets
Relations / Arrows	ok	\Longrightarrow
Relations / Arrows	ok	\searrow
Relations / Arrows	nolatex	\Harr
Relations / Arrows	ok	\looparrowleft
Relations / Arrows	ok	\swarrow
Relations / Arrows	nolatex	\hArr
Relations / Arrows	ok	\looparrowright
Relations / Arrows	ok	\to
Relations / Arrows	nolatex	\harr
Relations / Arrows	nolatex	\Lrarr
Relations / Arrows	ok	\twoheadleftarrow
Relations / Arrows	ok	\hookleftarrow
Relations / Arrows	nolatex	\lrArr
Relations / Arrows	ok	\twoheadrightarrow
Relations / Arrows	ok	\hookrightarrow
Relations / Arrows	nolatex	\lrarr
Relations / Arrows	nolatex	\Uarr
Relations / Arrows	ok	\iff
Relations / Arrows	ok	\Lsh
Relations / Arrows	nolatex	\uArr
Relations / Arrows	ok	\impliedby
Relations / Arrows	ok	\mapsto
Relations / Arrows	nolatex	\uarr
Relations / Arrows	ok	\implies
Relations / Arrows	ok	\nearrow
Relations / Arrows	ok	\uparrow
Relations / Arrows	nolatex	\Larr
Relations / Arrows	ok	\nleftarrow
Relations / Arrows	ok	\Uparrow
Relations / Arrows	nolatex	\lArr
Relations / Arrows	ok	\nLeftarrow
Relations / Arrows	ok	\updownarrow
Relations / Arrows	nolatex	\larr
Relations / Arrows	ok	\nleftrightarrow
Relations / Arrows	ok	\Updownarrow
Relations / Arrows	ok	\leadsto
Relations / Arrows	ok	\nLeftrightarrow
Relations / Arrows	ok	\upharpoonleft
Relations / Arrows	ok	\leftarrow
Relations / Arrows	ok	\nrightarrow
Relations / Arrows	ok	\upharpoonright
Relations / Arrows	ok	\Leftarrow
Relations / Arrows	ok	\nRightarrow
Relations / Arrows	ok	\upuparrows
Relations / Arrows	ok	\leftarrowtail
Relations / Arrows	ok	\nwarrow
Relations / Arrows	ok	\mapsfrom
Relations / Arrows	ok	\leftharpoondown
Relations / Arrows	nolatex	\Rarr
Relations / Arrows	ok	\xleftarrow{abc}
Relations / Arrows	ok	\xrightarrow[under]{over}
Relations / Arrows	ok	\xLeftarrow{abc}
Relations / Arrows	ok	\xRightarrow{abc}
Relations / Arrows	ok	\xleftrightarrow{abc}
Relations / Arrows	ok	\xLeftrightarrow{abc}
Relations / Arrows	ok	\xhookleftarrow{abc}
Relations / Arrows	ok	\xhookrightarrow{abc}
Relations / Arrows	ok	\xleftharpoonup{abc}
Relations / Arrows	ok	\xrightharpoonup{abc}
Relations / Arrows	ok	\xleftharpoondown{abc}
Relations / Arrows	ok	\xrightharpoondown{abc}
Relations / Arrows	ok	\xleftrightharpoons{abc}
Relations / Arrows	ok	\xrightleftharpoons{abc}
Relations / Arrows	ok	\xmapsto{abc}
Relations / Arrows	nolatex	\xlongequal{abc}
Relations / Arrows	nolatex	\xtofrom{abc}
Relations / Arrows	nolatex	\xtwoheadrightarrow{abc}
Relations / Arrows	nolatex	\xtwoheadleftarrow{abc}
Special Notation	nolatex	\bra{\phi}
Special Notation	nolatex	\ket{\psi}
Special Notation	nolatex	\braket{\phi\VERT\psi}
Special Notation	nolatex	\Bra{\phi}
Special Notation	nolatex	\Ket{\psi}
Style, Color, Size, and Font	ok	\color{blue} F=ma
Style, Color, Size, and Font	ok	\textcolor{blue}{F=ma}
Style, Color, Size, and Font	nolatex	\textcolor{#228B22}{F=ma}
Style, Color, Size, and Font	nolatex	\colorbox{aqua}{$F=ma$}
Style, Color, Size, and Font	nolatex	\fcolorbox{red}{aqua}{$F=ma$}
Style, Color, Size, and Font	ok	\mathrm{Ab0}
Style, Color, Size, and Font	ok	\mathbf{Ab0}
Style, Color, Size, and Font	ok	\mathsf{Ab0}
Style, Color, Size, and Font	ok	\mathnormal{Ab0}
Style, Color, Size, and Font	ok	\textbf{Ab0}
Style, Color, Size, and Font	ok	\textsf{Ab0}
Style, Color, Size, and Font	ok	\textrm{Ab0}
Style, Color, Size, and Font	ok	\bf Ab0
Style, Color, Size, and Font	ok	\sf Ab0
Style, Color, Size, and Font	ok	\rm Ab0
Style, Color, Size, and Font	ok	\bold{Ab0}
Style, Color, Size, and Font	nolatex	\mathsfit{Ab0}
Style, Color, Size, and Font	ok	\textnormal{Ab0}
Style, Color, Size, and Font	ok	\boldsymbol{Ab0}
Style, Color, Size, and Font	ok	\Bbb{AB}
Style, Color, Size, and Font	ok	\text{Ab0}
Style, Color, Size, and Font	ok	\bm{Ab0}
Style, Color, Size, and Font	ok	\mathbb{AB}
Style, Color, Size, and Font	ok	\textup{Ab0}
Style, Color, Size, and Font	ok	\textmd{Ab0}
Style, Color, Size, and Font	ok	\frak{Ab0}
Style, Color, Size, and Font	ok	\mathit{Ab0}
Style, Color, Size, and Font	ok	\mathtt{Ab0}
Style, Color, Size, and Font	ok	\mathfrak{Ab0}
Style, Color, Size, and Font	ok	\textit{Ab0}
Style, Color, Size, and Font	ok	\texttt{Ab0}
Style, Color, Size, and Font	ok	\mathcal{AB0}
Style, Color, Size, and Font	ok	\it Ab0
Style, Color, Size, and Font	ok	\tt Ab0
Style, Color, Size, and Font	ok	\cal AB0
Style, Color, Size, and Font	ok	\emph{Ab0}
Style, Color, Size, and Font	ok	\mathscr{AB}
Style, Color, Size, and Font	ok	\textsf{\textbf{H}}
Style, Color, Size, and Font	ok	\mathsf{\mathbf{H}}
Style, Color, Size, and Font	nolatex	\pmb{\mu}
Style, Color, Size, and Font	nolatex	\Huge AB
Style, Color, Size, and Font	nolatex	\normalsize AB
Style, Color, Size, and Font	nolatex	\huge AB
Style, Color, Size, and Font	nolatex	\small AB
Style, Color, Size, and Font	nolatex	\LARGE AB
Style, Color, Size, and Font	nolatex	\footnotesize AB
Style, Color, Size, and Font	nolatex	\Large AB
Style, Color, Size, and Font	nolatex	\scriptsize AB
Style, Color, Size, and Font	nolatex	\large AB
Style, Color, Size, and Font	nolatex	\tiny AB
Style, Color, Size, and Font	ok	\displaystyle\sum_{i=1}^n
Style, Color, Size, and Font	ok	\textstyle\sum_{i=1}^n
Style, Color, Size, and Font	ok	\scriptstyle x
Style, Color, Size, and Font	ok	\scriptscriptstyle x
Style, Color, Size, and Font	ok	\lim\limits_x
Style, Color, Size, and Font	ok	\lim\nolimits_x
Style, Color, Size, and Font	ok	\verb!x^2!
Style, Color, Size, and Font	ok	\mathchoice{D}{T}{S}{SS}
Style, Color, Size, and Font	nolatex	\sixptsize sixptsize
Symbols and Punctuation	ok	\dots
Symbols and Punctuation	nolatex	\KaTeX
Symbols and Punctuation	ok	\%
Symbols and Punctuation	ok	\cdots
Symbols and Punctuation	nolatex	\LaTeX
Symbols and Punctuation	ok	\#
Symbols and Punctuation	ok	\ddots
Symbols and Punctuation	nolatex	\TeX
Symbols and Punctuation	ok	\&
Symbols and Punctuation	ok	\ldots
Symbols and Punctuation	ok	\nabla
Symbols and Punctuation	ok	\_
Symbols and Punctuation	ok	\vdots
Symbols and Punctuation	ok	\infty
Symbols and Punctuation	ok	\text{\textunderscore}
Symbols and Punctuation	ok	\dotsb
Symbols and Punctuation	nolatex	\infin
Symbols and Punctuation	ok	\text{--}
Symbols and Punctuation	ok	\dotsc
Symbols and Punctuation	ok	\checkmark
Symbols and Punctuation	ok	\text{\textendash}
Symbols and Punctuation	ok	\dotsi
Symbols and Punctuation	ok	\dag
Symbols and Punctuation	ok	\text{---}
Symbols and Punctuation	ok	\dotsm
Symbols and Punctuation	ok	\dagger
Symbols and Punctuation	ok	\text{\textemdash}
Symbols and Punctuation	ok	\dotso
Symbols and Punctuation	ok	\text{\textdagger}
Symbols and Punctuation	ok	\text{\textasciitilde}
Symbols and Punctuation	nolatex	\sdot
Symbols and Punctuation	ok	\ddag
Symbols and Punctuation	ok	\text{\textasciicircum}
Symbols and Punctuation	ok	\mathellipsis
Symbols and Punctuation	ok	\ddagger
Symbols and Punctuation	ok	`
Symbols and Punctuation	ok	\text{\textellipsis}
Symbols and Punctuation	ok	\text{\textdaggerdbl}
Symbols and Punctuation	ok	\text{\textquoteleft}
Symbols and Punctuation	ok	\Box
Symbols and Punctuation	nolatex	\Dagger
Symbols and Punctuation	ok	\lq
Symbols and Punctuation	ok	\square
Symbols and Punctuation	ok	\angle
Symbols and Punctuation	ok	\text{\textquoteright}
Symbols and Punctuation	ok	\blacksquare
Symbols and Punctuation	ok	\measuredangle
Symbols and Punctuation	ok	\rq
Symbols and Punctuation	ok	\triangle
Symbols and Punctuation	ok	\sphericalangle
Symbols and Punctuation	ok	\text{\textquotedblleft}
Symbols and Punctuation	ok	\triangledown
Symbols and Punctuation	ok	\top
Symbols and Punctuation	ok	"
Symbols and Punctuation	ok	\triangleleft
Symbols and Punctuation	ok	\bot
Symbols and Punctuation	ok	\text{\textquotedblright}
Symbols and Punctuation	ok	\triangleright
Symbols and Punctuation	ok	\$
Symbols and Punctuation	ok	\colon
Symbols and Punctuation	ok	\bigtriangledown
Symbols and Punctuation	ok	\text{\textdollar}
Symbols and Punctuation	ok	\backprime
Symbols and Punctuation	ok	\bigtriangleup
Symbols and Punctuation	ok	\pounds
Symbols and Punctuation	ok	\prime
Symbols and Punctuation	ok	\blacktriangle
Symbols and Punctuation	ok	\mathsterling
Symbols and Punctuation	ok	\text{\textless}
Symbols and Punctuation	ok	\blacktriangledown
Symbols and Punctuation	ok	\text{\textsterling}
Symbols and Punctuation	ok	\text{\textgreater}
Symbols and Punctuation	ok	\blacktriangleleft
Symbols and Punctuation	ok	\yen
Symbols and Punctuation	ok	\text{\textbar}
Symbols and Punctuation	ok	\blacktriangleright
Symbols and Punctuation	ok	\surd
Symbols and Punctuation	ok	\text{\textbardbl}
Symbols and Punctuation	ok	\diamond
Symbols and Punctuation	nolatex	\degree
Symbols and Punctuation	ok	\text{\textbraceleft}
Symbols and Punctuation	ok	\Diamond
Symbols and Punctuation	ok	\text{\textdegree}
Symbols and Punctuation	ok	\text{\textbraceright}
Symbols and Punctuation	ok	\lozenge
Symbols and Punctuation	ok	\mho
Symbols and Punctuation	ok	\text{\textbackslash}
Symbols and Punctuation	ok	\blacklozenge
Symbols and Punctuation	ok	\diagdown
Symbols and Punctuation	ok	\text{\P}
Symbols and Punctuation	ok	\star
Symbols and Punctuation	ok	\diagup
Symbols and Punctuation	ok	\text{\S}
Symbols and Punctuation	ok	\bigstar
Symbols and Punctuation	ok	\flat
Symbols and Punctuation	nolatex	\text{\sect}
Symbols and Punctuation	ok	\clubsuit
Symbols and Punctuation	ok	\natural
Symbols and Punctuation	ok	\copyright
Symbols and Punctuation	nolatex	\clubs
Symbols and Punctuation	ok	\sharp
Symbols and Punctuation	ok	\circledR
Symbols and Punctuation	ok	\diamondsuit
Symbols and Punctuation	ok	\heartsuit
Symbols and Punctuation	ok	\text{\textregistered}
Symbols and Punctuation	nolatex	\diamonds
Symbols and Punctuation	nolatex	\hearts
Symbols and Punctuation	ok	\circledS
Symbols and Punctuation	ok	\spadesuit
Symbols and Punctuation	nolatex	\spades
Symbols and Punctuation	ok	\maltese
Symbols and Punctuation	ok	\minuso
Units	ok	\rule{1em}{1em}
Units	nolatex	\scriptscriptstyle\rule{1em}{1em}
Units	nolatex	\huge\rule{1em}{1em}
Units	nolatex	\rule{18mu}{18mu}
Units	nolatex	\scriptscriptstyle\rule{18mu}{18mu}
Units	nolatex	\huge\rule{18mu}{18mu}
Units	ok	\rule{10pt}{10pt}
Units	nolatex	\scriptscriptstyle\rule{10pt}{10pt}
Units	nolatex	\huge\rule{10pt}{10pt}
Beyond KaTeX / More commands	nolatex	\euro
Beyond KaTeX / More commands	ok	\idotsint
Beyond KaTeX / More commands	ok	\iiiint
Beyond KaTeX / More commands	ok	\text{\textsection\textparagraph\textcopyright\texttrademark}
Beyond KaTeX / Numbers and units (a subset of siunitx)	ok	\num{12345.6789}
Beyond KaTeX / Numbers and units (a subset of siunitx)	ok	\num{1.5e-4}
Beyond KaTeX / Numbers and units (a subset of siunitx)	ok	\num{1.2(3)e3}
Beyond KaTeX / Numbers and units (a subset of siunitx)	ok	\SI{9.81}{\meter\per\second\squared}
Beyond KaTeX / Numbers and units (a subset of siunitx)	ok	\qty{1.5}{\kilo\gram}
Beyond KaTeX / Numbers and units (a subset of siunitx)	ok	\si{kg.m.s^-2}
Beyond KaTeX / Numbers and units (a subset of siunitx)	ok	\ang{1;2;3}
Beyond KaTeX / Numbers and units (a subset of siunitx)	ok	\numrange{1}{10}
Beyond KaTeX / Numbers and units (a subset of siunitx)	ok	\SIrange{1}{5}{\volt}
Beyond KaTeX / Numbers and units (a subset of siunitx)	ok	\numlist{1;2;3}
Beyond KaTeX / Equations	ok	a = b \tag{1}
Beyond KaTeX / Equations	ok	a = b \tag*{(*)}
Beyond KaTeX / Equations	ok	\cancelto{0}{x}
Beyond KaTeX / Equations	ok	\bigl\lvert x \bigr\rvert
Beyond KaTeX / Equations	ok	\begin{dcases} x & x>0 \\ -x & \text{otherwise} \end{dcases}
Beyond KaTeX / Equations	ok	\begin{subarray}{c} i<n \\ j<m \end{subarray}
Beyond KaTeX / Equations	ok	\sqrt[\leftroot{-2}\uproot{2}n]{x}
Beyond KaTeX / Tables	nolatex	\begin{array}{c:c} a & b \\ \hdashline c & d \end{array}
Beyond KaTeX / Tables	ok	\begin{tabular}{|l|r|} \hline a & 1 \\ \hline b & 22 \\ \hline \end{tabular}
Beyond KaTeX / Tables	ok	\begin{array}{l} \textbf{Bold} \\ \textsc{Small caps} \\ \verb|verbatim| \end{array}
Beyond KaTeX / Commutative diagrams	ok	\begin{tikzcd} A \arrow[r, "f"] \arrow[d, "g"'] & B \arrow[d, "h"] \\ C \arrow[r, hook, "k"'] & D \end{tikzcd}
Beyond KaTeX / Commutative diagrams	ok	\begin{tikzcd}[column sep=large] A \arrow[r, "f", bend left] \arrow[r, "g"', bend right] & B \arrow[r, two heads, dashed] & C \end{tikzcd}
Beyond KaTeX / Commutative diagrams	ok	\begin{CD} A @>f>> B \\ @VgVV @VVhV \\ C @>>k> D \end{CD}
Extensions / mhchem	ok	\ce{H2O}
Extensions / mhchem	ok	\ce{CO2 + C -> 2 CO}
Extensions / mhchem	ok	\ce{SO4^2- + Ba^2+ -> BaSO4 v}
Extensions / mhchem	ok	\ce{Zn^2+ <=>[+ 2OH-][+ 2H+] Zn(OH)2 v}
Extensions / mhchem	ok	\ce{^{227}_{90}Th+}
Extensions / mhchem	ok	\ce{1/2 H2O}
Extensions / mhchem	ok	\ce{Fe^{3+} + 3e- -> Fe(s)}
Extensions / mhchem	ok	\ce{CuSO4*5H2O}
Extensions / mhchem	nolatex	\pu{1.5 mol/L}
Extensions / mhchem	nolatex	\pu{123 kJ/mol}
Extensions / mhchem	nolatex	\pu{1.2e-3 mol L-1}
